<MyCompoundProxies>
  <CustomProxyDefinition name="MyElevation" group="filters">
    <CompoundSourceProxy id="4">
      <ExposedProperties>
        <Property name="HighPoint" proxy_name="first" exposed_name="HighPoint"/>
        <Property name="Input" proxy_name="first" exposed_name="Input"/>
      </ExposedProperties>
      <OutputPort name="Output" proxy="first" port_index="0"/>
      <Proxy group="filters" type="ElevationFilter" id="5" compound_name="first">
        <Property name="HighPoint" id="5.HighPoint" number_of_elements="3">
          <Element index="0" value="0"/>
          <Element index="1" value="0"/>
          <Element index="2" value="1"/>
        </Property>
        <Property name="Input" id="5.Input" number_of_elements="0">
          <Domain name="groups" id="5.Input.groups">
            <Group value="sources"/>
            <Group value="filters"/>
          </Domain>
          <Domain name="input_type" id="5.Input.input_type">
            <DataType value="vtkDataSet"/>
          </Domain>
        </Property>
        <Property name="LowPoint" id="5.LowPoint" number_of_elements="3">
          <Element index="0" value="0"/>
          <Element index="1" value="0"/>
          <Element index="2" value="0"/>
        </Property>
        <Property name="ScalarRange" id="5.ScalarRange" number_of_elements="2">
          <Element index="0" value="0"/>
          <Element index="1" value="1"/>
          <Domain name="range" id="5.ScalarRange.range"/>
        </Property>
      </Proxy>
    </CompoundSourceProxy>
  </CustomProxyDefinition>
  <CustomProxyDefinition name="MyNormals" group="filters">
    <CompoundSourceProxy id="6">
      <ExposedProperties>
        <Property name="HighPoint" proxy_name="first" exposed_name="HighPoint"/>
        <Property name="Input" proxy_name="first" exposed_name="Input"/>
      </ExposedProperties>
      <OutputPort name="Output" proxy="first" port_index="0"/>
      <Proxy group="filters" type="PolyDataNormals" id="7" compound_name="first">
        <Property name="ComputeCellNormals" id="7.ComputeCellNormals" number_of_elements="1">
          <Element index="0" value="0"/>
          <Domain name="bool" id="7.ComputeCellNormals.bool"/>
        </Property>
        <Property name="Consistency" id="7.Consistency" number_of_elements="1">
          <Element index="0" value="1"/>
          <Domain name="bool" id="7.Consistency.bool"/>
        </Property>
        <Property name="FeatureAngle" id="7.FeatureAngle" number_of_elements="1">
          <Element index="0" value="30"/>
          <Domain name="range" id="7.FeatureAngle.range">
            <Min index="0" value="0"/>
            <Max index="0" value="180"/>
          </Domain>
        </Property>
        <Property name="FlipNormals" id="7.FlipNormals" number_of_elements="1">
          <Element index="0" value="0"/>
          <Domain name="bool" id="7.FlipNormals.bool"/>
        </Property>
        <Property name="Input" id="7.Input" number_of_elements="0">
          <Domain name="groups" id="7.Input.groups">
            <Group value="sources"/>
            <Group value="filters"/>
          </Domain>
          <Domain name="input_type" id="7.Input.input_type">
            <DataType value="vtkPolyData"/>
          </Domain>
        </Property>
        <Property name="NonManifoldTraversal" id="7.NonManifoldTraversal" number_of_elements="1">
          <Element index="0" value="1"/>
          <Domain name="bool" id="7.NonManifoldTraversal.bool"/>
        </Property>
        <Property name="PieceInvariant" id="7.PieceInvariant" number_of_elements="1">
          <Element index="0" value="1"/>
          <Domain name="bool" id="7.PieceInvariant.bool"/>
        </Property>
        <Property name="Splitting" id="7.Splitting" number_of_elements="1">
          <Element index="0" value="1"/>
          <Domain name="bool" id="7.Splitting.bool"/>
        </Property>
      </Proxy>
    </CompoundSourceProxy>
  </CustomProxyDefinition>
</MyCompoundProxies>

